{"IcoMoonType":"selection","icons":[{"icon":{"paths":["M497.782 26.197h-362.020c-75.119 0-135.757 60.638-135.757 135.758v724.041c0 75.118 60.638 135.758 135.757 135.758h362.020c75.121 0 135.758-60.639 135.758-135.758v-724.041c0-75.119-60.636-135.758-135.758-135.758zM407.279 931.247h-181.012v-45.251h181.012v45.251zM554.347 795.49h-475.15v-633.535h475.15v633.535z"],"attrs":[{"fill":"rgb(2, 189, 242)"}],"width":652,"isMulticolor":false,"isMulticolor2":false,"grid":0,"tags":["phone"],"colorPermutations":{"2189242125525525513737371":[{"f":1}]}},"attrs":[{"fill":"rgb(2, 189, 242)"}],"properties":{"order":122,"id":12,"name":"phone","prevSize":32,"code":59648},"setIdx":7,"setId":12,"iconIdx":0}],"height":1024,"metadata":{"name":"icomoon"},"preferences":{"showGlyphs":true,"showQuickUse":true,"showQuickUse2":true,"showSVGs":true,"fontPref":{"prefix":"icon-","metadata":{"fontFamily":"icomoon"},"metrics":{"emSize":1024,"baseline":6.25,"whitespace":50},"embed":false},"imagePref":{"prefix":"icon-","png":true,"useClassSelector":true,"color":0,"bgColor":16777215,"classSelector":".icon"},"historySize":50,"showCodes":true,"gridSize":16,"showGrid":false}}